-- Insert categories
INSERT INTO [dbo].[AspNetRoles] Values
('student','STUDENT',NULL)

INSERT INTO Categories (CategoryName) VALUES
('Programming'), ('Data Science'), ('Business'), ('Design'), ('Language');

-- Insert courses
INSERT INTO Courses (Title, Description, Image, DifficultyLevel, Price, CreationDate, LastUpdateDate, PublicationStatus, MaxEnrollment, AverageRating) VALUES
('Introduction to Python', 'Learn the basics of Python programming', 'python_intro.jpg', 'Beginner', 49.99, '2023-06-01', '2023-06-15', 'Published', 100, 4.5),
('Data Analysis with R', 'Master data analysis techniques using R', 'r_data_analysis.jpg', 'Intermediate', 79.99, '2023-07-01', '2023-07-20', 'Published', 75, 4.7),
('Digital Marketing Fundamentals', 'Understand the basics of digital marketing', 'digital_marketing.jpg', 'Beginner', 39.99, '2023-08-01', '2023-08-10', 'Published', 150, 4.2),
('UI/UX Design Principles', 'Learn the core principles of UI/UX design', 'uiux_design.jpg', 'Intermediate', 69.99, '2023-09-01', '2023-09-18', 'Published', 80, 4.8),
('Spanish for Beginners', 'Start your journey to learn Spanish', 'spanish_beginners.jpg', 'Beginner', 29.99, '2023-10-01', '2023-10-12', 'Published', 200, 4.4);

-- Assign categories to courses
INSERT INTO CourseCategories (CourseID, CategoryID) VALUES
(1, 1), (2, 2), (3, 3), (4, 4), (5, 5);


-- Insert modules for each course
INSERT INTO Modules (CourseID, Title, Description, OrderInCourse) VALUES
(1, 'Python Basics', 'Introduction to Python syntax and basic concepts', 1),
(1, 'Python Data Structures', 'Learn about lists, dictionaries, and tuples', 2),
(2, 'R Fundamentals', 'Basic R programming and data types', 1),
(2, 'Data Visualization in R', 'Creating plots and charts with R', 2),
(3, 'Digital Marketing Overview', 'Introduction to digital marketing channels', 1),
(3, 'Social Media Marketing', 'Leveraging social media for business', 2),
(4, 'Design Thinking', 'Understanding the design thinking process', 1),
(4, 'Wireframing and Prototyping', 'Creating wireframes and interactive prototypes', 2),
(5, 'Spanish Alphabet and Pronunciation', 'Learn Spanish sounds and letters', 1),
(5, 'Basic Spanish Phrases', 'Essential phrases for beginners', 2);

-- Insert parts for each module
INSERT INTO Parts (ModuleID, Title, Description, OrderInModule) VALUES
(1, 'Variables and Data Types', 'Understanding Python variables and data types', 1),
(1, 'Control Flow', 'If statements and loops in Python', 2),
(2, 'Working with Lists', 'Creating and manipulating Python lists', 1),
(2, 'Dictionary Operations', 'Using Python dictionaries effectively', 2),
(3, 'R Data Types', 'Understanding different data types in R', 1),
(3, 'Basic R Operations', 'Performing calculations and data manipulations in R', 2),
(4, 'ggplot2 Basics', 'Introduction to ggplot2 for data visualization', 1),
(4, 'Advanced Plotting Techniques', 'Creating complex plots in R', 2),
(5, 'Digital Marketing Ecosystem', 'Overview of digital marketing channels and tools', 1),
(5, 'Customer Journey Mapping', 'Understanding the digital customer journey', 2),
(6, 'Social Media Platforms', 'Overview of major social media platforms', 1),
(6, 'Content Strategy', 'Developing effective social media content', 2),
(7, 'Design Thinking Process', 'Steps in the design thinking methodology', 1),
(7, 'User Research Techniques', 'Methods for understanding user needs', 2),
(8, 'Wireframing Tools', 'Introduction to popular wireframing software', 1),
(8, 'Interactive Prototyping', 'Creating clickable prototypes', 2),
(9, 'Spanish Alphabet', 'Learning the Spanish alphabet and pronunciation', 1),
(9, 'Basic Phonetics', 'Understanding Spanish sounds and accents', 2),
(10, 'Greetings and Introductions', 'Common Spanish greetings and introductions', 1),
(10, 'Essential Everyday Phrases', 'Useful phrases for daily conversations', 2);

-- Insert lesson types
INSERT INTO LessonTypes (TypeName) VALUES
('Video'), ('Text'), ('Quiz');

-- Insert lessons for each part
INSERT INTO Lessons (PartID, LessonTypeID, Title, Description, OrderInPart) VALUES
(1, 1, 'Introduction to Python Variables', 'Learn how to declare and use variables in Python', 1),
(1, 2, 'Python Data Types Overview', 'Detailed explanation of Python data types', 2),
(1, 3, 'Variables and Data Types Quiz', 'Test your knowledge of Python variables and data types', 3),
(2, 1, 'If Statements in Python', 'Understanding conditional statements in Python', 1),
(2, 2, 'Loops in Python', 'Learn about for and while loops in Python', 2),
(2, 3, 'Control Flow Quiz', 'Quiz on Python control flow concepts', 3),
(3, 1, 'Creating and Modifying Lists', 'Video tutorial on Python list operations', 1),
(3, 2, 'List Comprehensions', 'Advanced list manipulation techniques', 2),
(3, 3, 'Python Lists Quiz', 'Test your knowledge of Python lists', 3),
(4, 1, 'Dictionary Basics', 'Video on creating and using Python dictionaries', 1),
(4, 2, 'Advanced Dictionary Methods', 'Text lesson on dictionary methods and use cases', 2),
(4, 3, 'Python Dictionaries Quiz', 'Quiz on Python dictionary concepts', 3),
(5, 1, 'Introduction to R Data Types', 'Video overview of R data types', 1),
(5, 2, 'Working with R Data Types', 'Hands-on exercises with R data types', 2),
(5, 3, 'R Data Types Quiz', 'Quiz on R data type concepts', 3),
(6, 1, 'Basic R Calculations', 'Video on performing calculations in R', 1),
(6, 2, 'Data Manipulation in R', 'Text lesson on data manipulation techniques', 2),
(6, 3, 'R Operations Quiz', 'Quiz on basic R operations', 3),
(7, 1, 'Introduction to ggplot2', 'Video tutorial on ggplot2 basics', 1),
(7, 2, 'Creating Your First ggplot', 'Step-by-step guide to creating plots', 2),
(7, 3, 'ggplot2 Basics Quiz', 'Quiz on ggplot2 fundamentals', 3),
(8, 1, 'Advanced ggplot2 Features', 'Video on advanced ggplot2 techniques', 1),
(8, 2, 'Customizing ggplot2 Outputs', 'Text lesson on plot customization', 2),
(8, 3, 'Advanced ggplot2 Quiz', 'Quiz on advanced plotting concepts', 3),
(9, 1, 'Digital Marketing Channels', 'Video overview of digital marketing channels', 1),
(9, 2, 'Integrating Marketing Channels', 'Text lesson on channel integration', 2),
(9, 3, 'Digital Marketing Channels Quiz', 'Quiz on digital marketing ecosystem', 3),
(10, 1, 'Customer Journey Basics', 'Video introduction to customer journey mapping', 1),
(10, 2, 'Creating a Customer Journey Map', 'Step-by-step guide to journey mapping', 2),
(10, 3, 'Customer Journey Quiz', 'Quiz on customer journey concepts', 3);

-- Insert lesson videos
INSERT INTO LessonVideos (LessonID, VideoURL, Duration) VALUES
(1, 'defining-functions.mp4', 600),
(4, 'if-else-statements.mp4', 720),
(7, 'installing-python.mp4', 540),
(10, 'if-else-statements.mp4', 660),
(13, 'intro-to-lists.mp4', 780),
(16, 'python-variables.mp4', 600),
(19, 'whatIsProgramming.mp4', 900),
(22, 'whatIsProgramming.mp4', 1020),
(25, 'whatIsProgramming.mp4', 840),
(28, 'intro-to-lists.mp4', 720);

-- Insert lesson texts
INSERT INTO LessonTexts (LessonID, Content) VALUES
(2, 'Python has several built-in data types including integers, floats, strings, and booleans. Each data type has its own characteristics and uses...'),
(5, 'Loops in Python allow you to iterate over a sequence of elements. The two main types of loops are for loops and while loops...'),
(8, 'List comprehensions provide a concise way to create lists based on existing lists. They follow the format: [expression for item in list if conditional]...'),
(11, 'Dictionary methods like .keys(), .values(), and .items() allow you to access different parts of a dictionary. The .get() method is useful for safely retrieving values...'),
(14, 'R supports various data types including numeric, integer, character, logical, and complex. You can check the type of a variable using the class() function...'),
(17, 'Data manipulation in R often involves using functions from the dplyr package. Common operations include filter(), select(), mutate(), and group_by()...'),
(20, 'To create a basic plot with ggplot2, you start with ggplot(data, aes(x, y)) and then add layers using the + operator. Common layers include geom_point(), geom_line(), and geom_bar()...'),
(23, 'Customizing ggplot2 outputs involves modifying themes, scales, and labels. You can use theme() to adjust plot appearance, scale_*() functions to modify axes, and labs() to set titles and labels...'),
(26, 'Integrating marketing channels involves creating a cohesive strategy across multiple platforms. This often includes aligning messaging, timing, and audience targeting across channels...'),
(29, 'Creating a customer journey map involves identifying key touchpoints, understanding customer emotions and actions at each stage, and identifying opportunities for improvement...');

-- Insert lesson quizzes
INSERT INTO LessonQuizzes (LessonID, PassingScore) VALUES
(3, 70), (6, 75), (9, 70), (12, 75), (15, 70),
(18, 75), (21, 70), (24, 75), (27, 70), (30, 75);

-- Insert quiz questions
INSERT INTO QuizQuestions (LessonID, QuestionText) VALUES
(3, 'What is the correct way to declare a variable in Python?'),
(3, 'Which of the following is not a valid Python data type?'),
(6, 'What is the purpose of an "else" statement in a Python if-else construct?'),
(6, 'How many times will a "while True" loop execute if not explicitly broken?'),
(9, 'What is the output of [x for x in range(5)]?'),
(9, 'Which method is used to add an element to the end of a list?'),
(12, 'What is the correct way to create an empty dictionary in Python?'),
(12, 'Which method returns a list of all the keys in a dictionary?'),
(15, 'What function is used to check the data type of a variable in R?'),
(15, 'Which of the following is not a valid data type in R?'),
(18, 'What does the filter() function do in dplyr?'),
(18, 'Which function is used to create new variables or modify existing ones in dplyr?'),
(21, 'What is the basic structure of a ggplot2 plot?'),
(21, 'Which geom is used to create a scatter plot in ggplot2?'),
(24, 'How do you change the color of all points in a ggplot2 scatter plot?'),
(24, 'Which function is used to set the title of a ggplot2 plot?'),
(27, 'What is not considered a digital marketing channel?'),
(27, 'What does SEO stand for in digital marketing?'),
(30, 'What is the first stage in a typical customer journey?'),
(30, 'What does CTA stand for in marketing?');

INSERT INTO QuizAnswers (QuestionID, AnswerText, IsCorrect) VALUES
(5, '[0, 1, 2, 3, 4]', 1),
(5, '[1, 2, 3, 4, 5]', 0),
(5, '[0, 2, 4, 6, 8]', 0),
(5, '[]', 0),
(6, '.add()', 0),
(6, '.append()', 1),
(6, '.insert()', 0),
(6, '.extend()', 0),
(7, 'dict()', 1),
(7, '{}', 1),
(7, 'Dictionary()', 0),
(7, '[]', 0),
(8, '.keys()', 1),
(8, '.getKeys()', 0),
(8, '.allKeys()', 0),
(8, '.keyList()', 0),
(9, 'type()', 0),
(9, 'class()', 1),
(9, 'typeof()', 0),
(9, 'str()', 0),
(10, 'numeric', 0),
(10, 'integer', 0),
(10, 'character', 0),
(10, 'string', 1),
(11, 'Removes rows from a data frame', 1),
(11, 'Adds new columns to a data frame', 0),
(11, 'Sorts a data frame', 0),
(11, 'Combines multiple data frames', 0),
(12, 'modify()', 0),
(12, 'transform()', 0),
(12, 'mutate()', 1),
(12, 'change()', 0),
(13, 'data + geom', 0),
(13, 'ggplot(data, aes()) + geom_*()', 1),
(13, 'plot(x, y)', 0),
(13, 'chart(data)', 0),
(14, 'geom_point()', 1),
(14, 'geom_scatter()', 0),
(14, 'geom_dot()', 0),
(14, 'geom_plot()', 0),
(15, 'color = "red"', 0),
(15, 'geom_point(color = "red")', 1),
(15, 'set_color("red")', 0),
(15, 'point_color("red")', 0),
(16, 'title()', 0),
(16, 'ggtitle()', 1),
(16, 'set_title()', 0),
(16, 'labs(title = "...")', 1),
(17, 'Email marketing', 0),
(17, 'Social media', 0),
(17, 'Television advertising', 1),
(17, 'Content marketing', 0),
(18, 'Search Engine Optimization', 1),
(18, 'Social Engine Optimization', 0),
(18, 'Search Engagement Optimization', 0),
(18, 'Social Engagement Optimization', 0),
(19, 'Purchase', 0),
(19, 'Awareness', 1),
(19, 'Consideration', 0),
(19, 'Loyalty', 0),
(20, 'Call To Action', 1),
(20, 'Click Through Analysis', 0),
(20, 'Customer To Audience', 0),
(20, 'Conversion Tracking Algorithm', 0);

-- Complete modules for courses 2-5
INSERT INTO Modules (CourseID, Title, Description, OrderInCourse) VALUES
(2, 'Advanced Data Analysis', 'Advanced techniques for data analysis in R', 3),
(2, 'Statistical Modeling in R', 'Introduction to statistical modeling using R', 4),
(3, 'Email Marketing', 'Effective email marketing strategies', 3);


-- Insert parts for new modules
INSERT INTO Parts (ModuleID, Title, Description, OrderInModule) VALUES
(11, 'Data Cleaning in R', 'Techniques for cleaning and preparing data in R', 1),
(11, 'Advanced Data Visualization', 'Creating complex visualizations in R', 2),
(12, 'Linear Regression in R', 'Understanding and implementing linear regression', 1),
(12, 'Logistic Regression in R', 'Basics of logistic regression modeling', 2),
(13, 'Email Campaign Planning', 'Strategies for planning effective email campaigns', 1),
(13, 'Email Analytics and Optimization', 'Analyzing and improving email performance', 2);

-- Insert lessons for new parts
INSERT INTO Lessons (PartID, LessonTypeID, Title, Description, OrderInPart) VALUES
(11, 1, 'Data Cleaning Techniques in R', 'Video on common data cleaning methods', 1),
(11, 2, 'Handling Missing Data', 'Text lesson on dealing with missing values', 2),
(11, 3, 'Data Cleaning Quiz', 'Test your knowledge of data cleaning in R', 3),
(12, 1, 'Advanced ggplot2 Techniques', 'Video tutorial on complex ggplot2 visualizations', 1),
(12, 2, 'Interactive Visualizations with plotly', 'Creating interactive plots in R', 2),
(12, 3, 'Advanced Visualization Quiz', 'Quiz on advanced data visualization concepts', 3),
(13, 1, 'Linear Regression Fundamentals', 'Video introduction to linear regression', 1),
(13, 2, 'Implementing Linear Regression in R', 'Step-by-step guide to linear regression in R', 2),
(13, 3, 'Linear Regression Quiz', 'Test your understanding of linear regression', 3),
(14, 1, 'Logistic Regression Basics', 'Video on logistic regression concepts', 1),
(14, 2, 'Logistic Regression in R', 'Implementing logistic regression models', 2),
(14, 3, 'Logistic Regression Quiz', 'Quiz on logistic regression fundamentals', 3),
(15, 1, 'Email Campaign Strategy', 'Video on developing email marketing strategies', 1),
(15, 2, 'Creating Effective Email Content', 'Best practices for email content creation', 2),
(15, 3, 'Email Marketing Strategy Quiz', 'Test your email marketing knowledge', 3),
(16, 1, 'Email Analytics Tools', 'Video overview of email analytics platforms', 1),
(16, 2, 'Interpreting Email Metrics', 'Understanding key email performance metrics', 2),
(16, 3, 'Email Analytics Quiz', 'Quiz on email analytics and optimization', 3),
(17, 1, 'Keyword Research Tools', 'Video tutorial on popular keyword research tools', 1),
(17, 2, 'Analyzing Keyword Data', 'Interpreting and using keyword research data', 2),
(17, 3, 'Keyword Research Quiz', 'Test your keyword research skills', 3),
(18, 1, 'On-Page SEO Factors', 'Video on important on-page SEO elements', 1),
(18, 2, 'Optimizing Content for SEO', 'Techniques for SEO-friendly content creation', 2),
(18, 3, 'On-Page SEO Quiz', 'Quiz on on-page SEO best practices', 3),
(19, 1, 'User Interview Techniques', 'Video on conducting effective user interviews', 1),
(19, 2, 'Analyzing User Interview Data', 'Methods for interpreting user interview results', 2),
(19, 3, 'User Interview Quiz', 'Test your user interview knowledge', 3),
(20, 1, 'Usability Testing Methods', 'Video overview of usability testing techniques', 1),
(20, 2, 'Conducting a Usability Test', 'Step-by-step guide to running a usability test', 2),
(20, 3, 'Usability Testing Quiz', 'Quiz on usability testing concepts', 3),
(21, 1, 'Color Theory Basics', 'Video introduction to color theory in design', 1),
(21, 2, 'Applying Color in UI/UX', 'Practical applications of color theory in interfaces', 2),
(21, 3, 'Color Theory Quiz', 'Test your understanding of color theory', 3),
(22, 1, 'Typography Fundamentals', 'Video on typography basics for UI/UX', 1),
(22, 2, 'Choosing and Pairing Fonts', 'Guidelines for effective font selection and pairing', 2),
(22, 3, 'Typography Quiz', 'Quiz on typography in UI/UX design', 3),
(23, 1, 'Spanish Nouns and Gender', 'Video lesson on Spanish noun genders', 1),
(23, 2, 'Using Spanish Articles', 'Proper usage of definite and indefinite articles', 2),
(23, 3, 'Spanish Nouns and Articles Quiz', 'Test your knowledge of Spanish nouns and articles', 3),
(24, 1, 'Present Tense Conjugations', 'Video on conjugating Spanish verbs in present tense', 1),
(24, 2, 'Irregular Verbs in Spanish', 'Common irregular verbs and their conjugations', 2),
(24, 3, 'Spanish Verb Quiz', 'Quiz on Spanish verb conjugations', 3),
(25, 1, 'Essential Spanish Vocabulary', 'Video introducing common Spanish words', 1),
(25, 2, 'Practice with Everyday Words', 'Interactive exercises with everyday Spanish vocabulary', 2),
(25, 3, 'Spanish Vocabulary Quiz', 'Test your Spanish vocabulary knowledge', 3),
(26, 1, 'Travel Phrases Overview', 'Video on essential Spanish phrases for travelers', 1),
(26, 2, 'Practical Dialogues for Travelers', 'Practice dialogues for common travel situations', 2),
(26, 3, 'Travel Phrases Quiz', 'Quiz on Spanish travel phrases', 3);

-- Insert lesson videos for new lessons
INSERT INTO LessonVideos (LessonID, VideoURL, Duration) VALUES
(31, 'https://example.com/r_data_cleaning_video', 840),
(34, 'https://example.com/advanced_ggplot2_techniques_video', 900),
(37, 'https://example.com/linear_regression_intro_video', 780),
(40, 'https://example.com/logistic_regression_basics_video', 840),
(43, 'https://example.com/email_campaign_strategy_video', 720),
(46, 'https://example.com/email_analytics_tools_video', 660),
(49, 'https://example.com/keyword_research_tools_video', 780),
(52, 'https://example.com/on_page_seo_factors_video', 720),
(55, 'https://example.com/user_interview_techniques_video', 840),
(58, 'https://example.com/usability_testing_methods_video', 900),
(61, 'https://example.com/color_theory_basics_video', 780),
(64, 'https://example.com/typography_fundamentals_video', 840),
(67, 'https://example.com/spanish_nouns_gender_video', 720),
(70, 'https://example.com/spanish_present_tense_video', 780),
(73, 'https://example.com/essential_spanish_vocabulary_video', 660),
(76, 'https://example.com/spanish_travel_phrases_video', 720);

-- Insert lesson texts for new lessons
INSERT INTO LessonTexts (LessonID, Content) VALUES
(32, 'When dealing with missing data in R, you have several options. You can remove rows with missing values using na.omit(), impute missing values with mean or median using replace_na(), or use more advanced imputation methods from libraries like mice...'),
(35, 'Interactive visualizations in R can be created using the plotly library. To convert a ggplot2 plot to an interactive plotly visualization, you can use the ggplotly() function. This allows users to hover over data points, zoom, and pan the visualization...'),
(38, 'Implementing linear regression in R involves using the lm() function. The basic syntax is lm(y ~ x, data = your_data), where y is the dependent variable and x is the independent variable. You can add multiple independent variables using the + operator...'),
(41, 'Logistic regression in R is implemented using the glm() function with the family parameter set to "binomial". The basic syntax is glm(y ~ x, data = your_data, family = "binomial"), where y is the binary dependent variable and x is the independent variable...'),
(44, 'When creating effective email content, consider the following best practices: 1) Write clear and compelling subject lines, 2) Keep the message concise and focused, 3) Use a responsive design for mobile devices, 4) Include a clear call-to-action (CTA), 5) Personalize the content when possible...'),
(47, 'Key email performance metrics to track include: 1) Open rate: the percentage of recipients who opened your email, 2) Click-through rate (CTR): the percentage of recipients who clicked on a link in your email, 3) Conversion rate: the percentage of recipients who completed a desired action, 4) Bounce rate: the percentage of emails that were not delivered...'),
(50, 'When analyzing keyword data, consider the following factors: 1) Search volume: how often the keyword is searched for, 2) Keyword difficulty: how challenging it is to rank for the keyword, 3) Search intent: the purpose behind the search (informational, navigational, transactional, or commercial), 4) Relevance to your content and business goals...'),
(53, 'To optimize content for SEO, follow these best practices: 1) Use your target keyword in the title tag, meta description, and throughout the content naturally, 2) Create high-quality, original content that addresses user intent, 3) Use header tags (H1, H2, H3) to structure your content, 4) Optimize images with descriptive file names and alt text, 5) Include internal and external links where relevant...'),
(56, 'When analyzing user interview data, use these methods: 1) Transcribe and code the interviews to identify common themes, 2) Create affinity diagrams to group similar insights, 3) Develop user personas based on the interview data, 4) Map user journeys to visualize pain points and opportunities, 5) Prioritize findings based on frequency and impact...'),
(59, 'To conduct a usability test, follow these steps: 1) Define your test objectives and metrics, 2) Create a test plan with specific tasks for participants, 3) Recruit participants that represent your target users, 4) Prepare your testing environment (in-person or remote), 5) Moderate the test sessions, encouraging participants to think aloud, 6) Analyze the results and compile findings into a report with actionable recommendations...'),
(62, 'When applying color in UI/UX design, consider these principles: 1) Use color to create visual hierarchy and guide user attention, 2) Ensure sufficient color contrast for accessibility (WCAG guidelines), 3) Use color consistently to reinforce meaning and functionality, 4) Consider color psychology and cultural associations, 5) Create a flexible color system that works across different devices and contexts...'),
(65, 'Guidelines for effective font selection and pairing in UI/UX design: 1) Choose a primary font for body text that is highly legible, 2) Select a complementary font for headings that provides sufficient contrast, 3) Limit the number of font families to 2-3 for consistency, 4) Consider the mood and personality conveyed by different fonts, 5) Test font pairings in context and at various sizes, 6) Ensure your font choices are web-safe or properly licensed for web use...'),
(68, 'In Spanish, articles must agree with the gender and number of the noun they modify. Definite articles: el (masculine singular), la (feminine singular), los (masculine plural), las (feminine plural). Indefinite articles: un (masculine singular), una (feminine singular), unos (masculine plural), unas (feminine plural)...'),
(71, 'Common irregular verbs in Spanish include: ser (to be), estar (to be), ir (to go), hacer (to do/make), tener (to have), poder (to be able to), decir (to say), querer (to want). These verbs do not follow the regular conjugation patterns and must be memorized individually...'),
(74, 'Practice using these common Spanish words in context: 1) hola (hello), 2) gracias (thank you), 3) por favor (please), 4) sí (yes), 5) no (no), 6) cómo (how), 7) qué (what), 8) dónde (where), 9) cuándo (when), 10) quién (who). Try creating simple sentences with these words to reinforce your learning...');



INSERT INTO LessonQuizzes (LessonID, PassingScore) VALUES
(33, 70), (36, 75), (39, 70), (42, 75), (45, 70),
(48, 75), (51, 70), (54, 75), (57, 70), (60, 75),
(63, 70), (66, 75), (69, 70), (72, 75), (75, 70),
(78, 75);


-- Insert quiz questions for new lessons
INSERT INTO QuizQuestions (LessonID, QuestionText) VALUES
(33, 'Which R function is commonly used to remove rows with missing values?'),
(33, 'What does the term "imputation" mean in the context of handling missing data?'),
(36, 'Which R package is commonly used to create interactive visualizations?'),
(36, 'What function is used to convert a ggplot2 plot to an interactive plotly visualization?'),
(39, 'What is the basic syntax for creating a linear regression model in R?'),
(39, 'In a linear regression model, what does the coefficient represent?'),
(42, 'What family parameter is used in the glm() function for logistic regression?'),
(42, 'What type of dependent variable is used in logistic regression?'),
(45, 'What is a key element of an effective email subject line?'),
(45, 'What does CTA stand for in the context of email marketing?'),
(48, 'What metric measures the percentage of recipients who opened your email?'),
(48, 'What does CTR stand for in email marketing analytics?'),
(51, 'What factor indicates how often a keyword is searched for?'),
(51, 'What does "keyword difficulty" represent in keyword research?'),
(54, 'Where should you include your target keyword for on-page SEO?'),
(54, 'What is the purpose of using header tags (H1, H2, H3) in content?'),
(57, 'What is an affinity diagram used for in analyzing user interview data?'),
(57, 'What is a user persona in the context of UX research?'),
(60, 'What is the "think aloud" protocol in usability testing?'),
(60, 'Why is it important to define test objectives before conducting a usability test?'),
(63, 'What does WCAG stand for in the context of color usage in UI/UX?'),
(63, 'How can color be used to create visual hierarchy in UI design?'),
(66, 'What is a general guideline for the number of font families to use in a design?'),
(66, 'What does "web-safe font" mean?'),
(69, 'What is the definite article for a feminine singular noun in Spanish?'),
(69, 'How many genders are there in Spanish grammar?'),
(72, 'What is an example of an irregular verb in Spanish?'),
(72, 'In what tense are "hablo, hablas, habla" conjugations of the verb "hablar"?'),
(75, 'What does "gracias" mean in English?'),
(75, 'Which Spanish word is used to ask "where"?'),
(78, 'How would you say "How much does it cost?" in Spanish?'),
(78, 'What does the phrase "¿Habla inglés?" mean in English?');

-- Insert quiz answers for new questions
INSERT INTO QuizAnswers (QuestionID, AnswerText, IsCorrect) VALUES
(1, 'var x = 5', 0),
(1, 'x = 5', 1),
(1, 'int x = 5', 0),
(1, 'let x = 5', 0),
(2, 'Integer', 0),
(2, 'Float', 0),
(2, 'String', 0),
(2, 'Char', 1),
(3, 'To execute when the if condition is true', 0),
(3, 'To execute when the if condition is false', 1),
(3, 'To execute regardless of the if condition', 0),
(3, 'To end the if statement', 0),
(4, 'Once', 0),
(4, 'Ten times', 0),
(4, 'Infinitely', 1),
(4, 'It depends on the condition inside the loop', 0),
(21, 'na.omit()', 1),
(21, 'remove.na()', 0),
(21, 'delete.missing()', 0),
(21, 'erase.na()', 0),
(22, 'Ignoring missing values', 0),
(22, 'Removing rows with missing values', 0),
(22, 'Replacing missing values with estimated values', 1),
(22, 'Highlighting missing values in the dataset', 0),
(23, 'ggplot2', 0),
(23, 'plotly', 1),
(23, 'lattice', 0),
(23, 'shiny', 0),
(24, 'make_interactive()', 0),
(24, 'ggplotly()', 1),
(24, 'plot_to_interactive()', 0),
(24, 'convert_ggplot()', 0),
(25, 'lm(y ~ x, data = your_data)', 1),
(25, 'linear_model(x, y, data = your_data)', 0),
(25, 'regression(y ~ x, data = your_data)', 0),
(25, 'lm(x ~ y, your_data)', 0),
(26, 'The y-intercept of the regression line', 0),
(26, 'The change in y for a one-unit change in x', 1),
(26, 'The correlation between x and y', 0),
(26, 'The total variance explained by the model', 0),
(27, '"binomial"', 1),
(27, '"logistic"', 0),
(27, '"binary"', 0),
(27, '"categorical"', 0),
(28, 'Continuous', 0),
(28, 'Binary', 1),
(28, 'Categorical with multiple levels', 0),
(28, 'Time series', 0),
(29, 'Length (the longer, the better)', 0),
(29, 'Use of emojis', 0),
(29, 'Clarity and relevance', 1),
(29, 'Including the company name', 0),
(30, 'Click To Action', 0),
(30, 'Call To Action', 1),
(30, 'Convert To Audience', 0),
(30, 'Cost To Advertise', 0),
(31, 'Open rate', 1),
(31, 'Bounce rate', 0),
(31, 'Click-through rate', 0),
(31, 'Conversion rate', 0),
(32, 'Click-Through Rate', 1),
(32, 'Click To Register', 0),
(32, 'Conversion Track Rate', 0),
(32, 'Customer Targeting Ratio', 0),
(33, 'Search volume', 1),
(33, 'Keyword length', 0),
(33, 'Number of synonyms', 0),
(33, 'Advertiser competition', 0),
(34, 'How long the keyword is', 0),
(34, 'How challenging it is to rank for the keyword', 1),
(34, 'How many websites use the keyword', 0),
(34, 'The cost per click for the keyword in ads', 0),
(35, 'Title tag, meta description, and throughout the content', 1),
(35, 'Only in the first and last paragraphs', 0),
(35, 'As many times as possible throughout the content', 0),
(35, 'Only in image alt text', 0),
(36, 'To make the text larger and bolder', 0),
(36, 'To structure content and improve readability', 1),
(36, 'To confuse search engine crawlers', 0),
(36, 'To increase the word count of the page', 0),
(37, 'Grouping similar insights from interviews', 1),
(37, 'Creating a visual representation of the user', 0),
(37, 'Mapping the user''s journey through a product', 0),
(37, 'Prioritizing feature development', 0),
(38, 'A fictional character representing a user type', 1),
(38, 'The interviewer in a user research session', 0),
(38, 'A real user who participates in testing', 0),
(38, 'A UX designer''s online profile', 0),
(39, 'When users think quietly to themselves during a test', 0),
(39, 'When users verbalize their thoughts and actions during a test', 1),
(39, 'When the test moderator explains the interface to users', 0),
(39, 'When users discuss the interface with each other', 0),
(40, 'To guide the testing process and measure success', 1),
(40, 'To impress stakeholders with complex terminology', 0),
(40, 'To make the usability test take longer', 0),
(40, 'To confuse test participants', 0),
(41, 'Web Content Accessibility Guidelines', 1),
(41, 'Web Color Application Guide', 0),
(41, 'Website Contrast Analysis Guide', 0),
(41, 'Web Creative Artist Guidelines', 0),
(42, 'By using different shades of the same color', 0),
(42, 'By using contrasting colors for important elements', 1),
(42, 'By using as many colors as possible', 0),
(42, 'By using only grayscale colors', 0),
(43, '2-3 font families', 1),
(43, 'As many as possible', 0),
(43, 'Only one font family', 0),
(43, '10 or more font families', 0),
(44, 'A font that is pre-installed on all computers', 1),
(44, 'A font that is safe to use on the web', 0),
(44, 'A font that cannot be hacked', 0),
(44, 'A font that is free to use', 0),
(45, 'la', 1),
(45, 'el', 0),
(45, 'lo', 0),
(45, 'le', 0),
(46, 'Two (masculine and feminine)', 1),
(46, 'Three (masculine, feminine, and neuter)', 0),
(46, 'One (gender-neutral)', 0),
(46, 'Four (masculine, feminine, neuter, and common)', 0),
(47, 'hablar (to speak)', 0),
(47, 'comer (to eat)', 0),
(47, 'ir (to go)', 1),
(47, 'vivir (to live)', 0),
(48, 'Present tense', 1),
(48, 'Past tense', 0),
(48, 'Future tense', 0),
(48, 'Subjunctive mood', 0),
(49, 'Hello', 0),
(49, 'Please', 0),
(49, 'Thank you', 1),
(49, 'Goodbye', 0),
(50, 'Qué', 0),
(50, 'Cómo', 0),
(50, 'Cuándo', 0),
(50, 'Dónde', 1),
(51, '¿Cuánto cuesta?', 1),
(51, '¿Dónde está?', 0),
(51, '¿Cómo estás?', 0),
(51, '¿Qué hora es?', 0),
(52, 'Do you speak English?', 1),
(52, 'How are you?', 0),
(52, 'Where is the bathroom?', 0),
(52, 'What is your name?', 0);